	Log_total_nr_frag	Log_unique_nr_frag	Total_nr_frag	Unique_nr_frag	Dupl_nr_frag	Dupl_rate	Total_nr_frag_in_regions	Unique_nr_frag_in_regions	FRIP	TSS_enrichment	sample_id
GGCGGTAAGTGAGGGT-1___TEW__72f3ec__1371a9__Multiome_Liver_TBX3KO1	3.959851954799605	3.8003733548913496	9117	6315	2802	0.3073379401118789	4415	3052	0.4832937450514648	15.354867141231862	TEW__72f3ec__1371a9__Multiome_Liver_TBX3KO1
TACTAAGTCAAAGGCA-1___TEW__72f3ec__1371a9__Multiome_Liver_TBX3KO1	3.7777891874348675	3.607669436688243	5995	4052	1943	0.32410341951626354	3159	2104	0.5192497532082923	20.67365195670275	TEW__72f3ec__1371a9__Multiome_Liver_TBX3KO1
CACGCTAAGTTAGGCT-1___TEW__72f3ec__1371a9__Multiome_Liver_TBX3KO1	4.117503299429231	3.942057683841395	13107	8751	4356	0.33234149691004805	7504	4949	0.5655353673865844	23.943464086654743	TEW__72f3ec__1371a9__Multiome_Liver_TBX3KO1
CTAAGTCAGCTGTACG-1___TEW__72f3ec__1371a9__Multiome_Liver_TBX3KO1	4.030518764843542	3.866050924009275	10728	7346	3382	0.31524981357196125	5117	3467	0.4719575279063436	13.122704252852527	TEW__72f3ec__1371a9__Multiome_Liver_TBX3KO1
AGTAACGAGCTTGCTC-1___TEW__72f3ec__1371a9__Multiome_Liver_TBX3KO1	3.484442207642407	3.3109056293761414	3051	2046	1005	0.32940019665683384	1732	1162	0.5679374389051809	14.95	TEW__72f3ec__1371a9__Multiome_Liver_TBX3KO1
GATTAGCTCGCTAAGT-1___TEW__72f3ec__1371a9__Multiome_Liver_TBX3KO1	3.9398186628213794	3.7788022040132385	8706	6009	2697	0.30978635423845624	5804	3975	0.6615077383924114	21.234185360567004	TEW__72f3ec__1371a9__Multiome_Liver_TBX3KO1
ATGTTTGAGAAAGCAT-1___TEW__72f3ec__1371a9__Multiome_Liver_TBX3KO1	3.910090545594068	3.743979865241843	8130	5546	2584	0.31783517835178354	3947	2647	0.4772809231878832	14.28363948280316	TEW__72f3ec__1371a9__Multiome_Liver_TBX3KO1
AATTGTGTCCTAGTTT-1___TEW__72f3ec__1371a9__Multiome_Liver_TBX3KO1	4.367113543177637	4.200221026191876	23287	15857	7430	0.31906213767338	13872	9363	0.5904647789619726	27.00460325201319	TEW__72f3ec__1371a9__Multiome_Liver_TBX3KO1
TTTCCACCAGCCAGTT-1___TEW__72f3ec__1371a9__Multiome_Liver_TBX3KO1	3.5882717068423293	3.423245873936808	3875	2650	1225	0.3161290322580645	2344	1594	0.6015094339622642	22.682619194610943	TEW__72f3ec__1371a9__Multiome_Liver_TBX3KO1
CTAAATGTCCGCAAGC-1___TEW__72f3ec__1371a9__Multiome_Liver_TBX3KO1	3.4807253789884878	3.298197867109815	3025	1987	1038	0.34314049586776857	1754	1128	0.5676899849018621	13.16	TEW__72f3ec__1371a9__Multiome_Liver_TBX3KO1
TCAATCGCAATTTGGT-1___TEW__72f3ec__1371a9__Multiome_Liver_TBX3KO1	3.4523998459114416	3.27669152884504	2834	1891	943	0.3327452364149612	1639	1081	0.5716552088841883	12.16	TEW__72f3ec__1371a9__Multiome_Liver_TBX3KO1
GTAAGCTTCCACCTGT-1___TEW__72f3ec__1371a9__Multiome_Liver_TBX3KO1	3.676693609624867	3.511749711344983	4750	3249	1501	0.316	2608	1754	0.5398584179747614	19.241917376042736	TEW__72f3ec__1371a9__Multiome_Liver_TBX3KO1
ACTTGCACATCCTGAA-1___TEW__72f3ec__1371a9__Multiome_Liver_TBX3KO1	4.395553529970903	4.229733023094578	24863	16972	7891	0.3173792382254756	13750	9285	0.5470775394767853	16.14114442006033	TEW__72f3ec__1371a9__Multiome_Liver_TBX3KO1
CGCTTAACAAGGTAAC-1___TEW__72f3ec__1371a9__Multiome_Liver_TBX3KO1	3.5959369062691735	3.4202858849419178	3944	2632	1312	0.332657200811359	2284	1516	0.5759878419452887	20.960513675290887	TEW__72f3ec__1371a9__Multiome_Liver_TBX3KO1
TTGCCCGTCGTTATCT-1___TEW__72f3ec__1371a9__Multiome_Liver_TBX3KO1	3.730378468587643	3.5706596700215343	5375	3721	1654	0.30772093023255814	2963	2018	0.542327331362537	17.82122565815156	TEW__72f3ec__1371a9__Multiome_Liver_TBX3KO1
TGTAATGTCGATATTG-1___TEW__72f3ec__1371a9__Multiome_Liver_TBX3KO1	4.2554895980755365	4.087603973687808	18009	12235	5774	0.32061746904325616	11205	7508	0.6136493665713119	26.392243880790637	TEW__72f3ec__1371a9__Multiome_Liver_TBX3KO1
GACCTCAAGTCAATCA-1___TEW__72f3ec__1371a9__Multiome_Liver_TBX3KO1	3.508664363052943	3.336859820916809	3226	2172	1054	0.3267203967761934	1785	1209	0.5566298342541437	11.821846543210903	TEW__72f3ec__1371a9__Multiome_Liver_TBX3KO1
CGTAGCGGTAACAGGG-1___TEW__72f3ec__1371a9__Multiome_Liver_TBX3KO1	3.7349597612724454	3.5744942682853273	5432	3754	1678	0.3089101620029455	2803	1952	0.5199786893979755	23.968374138640126	TEW__72f3ec__1371a9__Multiome_Liver_TBX3KO1
GATCGATTCAGGGCCT-1___TEW__72f3ec__1371a9__Multiome_Liver_TBX3KO1	4.016197353512439	3.8449118739121406	10380	6997	3383	0.32591522157996144	6438	4267	0.6098327854794912	17.771888373015216	TEW__72f3ec__1371a9__Multiome_Liver_TBX3KO1
CTAAATGTCATGCTCC-1___TEW__72f3ec__1371a9__Multiome_Liver_TBX3KO1	4.633104707911667	4.462697408101717	42964	29020	13944	0.3245507867051485	27513	18403	0.6341488628532047	18.17506075401868	TEW__72f3ec__1371a9__Multiome_Liver_TBX3KO1
CCCTTAATCGCCTGTT-1___TEW__72f3ec__1371a9__Multiome_Liver_TBX3KO1	3.5005109105263372	3.334252642334231	3166	2159	1007	0.3180669614655717	1709	1136	0.5261695229272811	20.035	TEW__72f3ec__1371a9__Multiome_Liver_TBX3KO1
ACTTGCACATTGTGTG-1___TEW__72f3ec__1371a9__Multiome_Liver_TBX3KO1	3.6980135039391815	3.5332635167787148	4989	3414	1575	0.3156945279615153	3060	2086	0.6110134739308729	19.726752049693587	TEW__72f3ec__1371a9__Multiome_Liver_TBX3KO1
TGATGATGTTCCAGGG-1___TEW__72f3ec__1371a9__Multiome_Liver_TBX3KO1	3.6341748717626	3.464042205438811	4307	2911	1396	0.3241235198514047	2618	1745	0.59945036070079	18.650566384911734	TEW__72f3ec__1371a9__Multiome_Liver_TBX3KO1
GTTACTAAGATAACCC-1___TEW__72f3ec__1371a9__Multiome_Liver_TBX3KO1	3.4888326343824003	3.3306166672944384	3082	2141	941	0.30532121998702144	1702	1147	0.5357309668379262	13.120980091883615	TEW__72f3ec__1371a9__Multiome_Liver_TBX3KO1
ATCATCAAGGGATGCG-1___TEW__72f3ec__1371a9__Multiome_Liver_TBX3KO1	4.451341170597793	4.289232095922762	28271	19464	8807	0.3115206395246012	18743	12862	0.6608096999588985	22.441972121089044	TEW__72f3ec__1371a9__Multiome_Liver_TBX3KO1
GTACTTAAGTTAACCA-1___TEW__72f3ec__1371a9__Multiome_Liver_TBX3KO1	4.232437009220555	4.072213122603382	17078	11809	5269	0.3085255884764024	11437	7894	0.6684731984079939	21.486153454039258	TEW__72f3ec__1371a9__Multiome_Liver_TBX3KO1
ATGTTTGAGTATCGCG-1___TEW__72f3ec__1371a9__Multiome_Liver_TBX3KO1	3.677789391068861	3.5269850685599957	4762	3365	1397	0.2933641327173456	2646	1854	0.5509658246656761	14.48398298509858	TEW__72f3ec__1371a9__Multiome_Liver_TBX3KO1
TACTCAAAGTCACTAA-1___TEW__72f3ec__1371a9__Multiome_Liver_TBX3KO1	3.5462958351214424	3.3666097103924297	3518	2326	1192	0.3388288800454804	2085	1365	0.5868443680137575	16.08957221076776	TEW__72f3ec__1371a9__Multiome_Liver_TBX3KO1
CTACCTCAGCTGTACG-1___TEW__72f3ec__1371a9__Multiome_Liver_TBX3KO1	4.264510876071773	4.104657791008797	18387	12725	5662	0.30793495404361776	11587	7965	0.6259332023575639	23.293081379858005	TEW__72f3ec__1371a9__Multiome_Liver_TBX3KO1
ATTAGCTCAATAGTCT-1___TEW__72f3ec__1371a9__Multiome_Liver_TBX3KO1	3.715083670694927	3.541079767776629	5189	3476	1713	0.3301214106764309	2841	1871	0.5382623705408516	29.881519104682248	TEW__72f3ec__1371a9__Multiome_Liver_TBX3KO1
TCTGTGACACAACAAA-1___TEW__72f3ec__1371a9__Multiome_Liver_TBX3KO1	3.730216840568694	3.562768543016519	5373	3654	1719	0.31993299832495814	3265	2220	0.6075533661740559	18.051357214047016	TEW__72f3ec__1371a9__Multiome_Liver_TBX3KO1
TCATTGCGTGGATGTC-1___TEW__72f3ec__1371a9__Multiome_Liver_TBX3KO1	3.636287252098513	3.4581844355702627	4328	2872	1456	0.3364140480591497	2658	1752	0.6100278551532033	21.594278637238975	TEW__72f3ec__1371a9__Multiome_Liver_TBX3KO1
GGAAGTATCATAACCA-1___TEW__72f3ec__1371a9__Multiome_Liver_TBX3KO1	3.531223374533027	3.3544926005894364	3398	2262	1136	0.33431430253090055	2517	1666	0.7365163572060124	35.75978867038451	TEW__72f3ec__1371a9__Multiome_Liver_TBX3KO1
AGCTTCCTCTCACAAA-1___TEW__72f3ec__1371a9__Multiome_Liver_TBX3KO1	3.8256857080217586	3.6617180576946593	6694	4589	2105	0.3144607110845533	4251	2904	0.6328176073218567	23.57266801446925	TEW__72f3ec__1371a9__Multiome_Liver_TBX3KO1
ATGTAACGTGAGGTGA-1___TEW__72f3ec__1371a9__Multiome_Liver_TBX3KO1	3.3506356082589543	3.1981069988734014	2242	1578	664	0.296164139161463	1283	885	0.5608365019011406	13.5	TEW__72f3ec__1371a9__Multiome_Liver_TBX3KO1
TCATGTTTCATTAGGC-1___TEW__72f3ec__1371a9__Multiome_Liver_TBX3KO1	4.0801573109701845	3.916137983107175	12027	8244	3783	0.3145422798702918	8555	5803	0.7039058709364386	31.98342158393966	TEW__72f3ec__1371a9__Multiome_Liver_TBX3KO1
AAGAATCAGGCTAGAA-1___TEW__72f3ec__1371a9__Multiome_Liver_TBX3KO1	3.811776021602904	3.6321534835106326	6483	4287	2196	0.33873206848681164	4185	2718	0.6340097970608818	19.479022087575302	TEW__72f3ec__1371a9__Multiome_Liver_TBX3KO1
GTTACGCCAATAACCT-1___TEW__72f3ec__1371a9__Multiome_Liver_TBX3KO1	4.507478060030504	4.350867996286564	32172	22432	9740	0.30274773094616436	20696	14258	0.6356098430813124	24.527048309709556	TEW__72f3ec__1371a9__Multiome_Liver_TBX3KO1
ACGTCAAGTGATCAGC-1___TEW__72f3ec__1371a9__Multiome_Liver_TBX3KO1	4.247089056049105	4.088171539864352	17664	12251	5413	0.306442481884058	10695	7314	0.5970124887764264	21.07156682393275	TEW__72f3ec__1371a9__Multiome_Liver_TBX3KO1
TGAGGAGGTTGGTGAC-1___TEW__72f3ec__1371a9__Multiome_Liver_TBX3KO1	3.593728998707911	3.4243915544102776	3924	2657	1267	0.3228848114169215	2337	1551	0.5837410613473842	17.48504252268112	TEW__72f3ec__1371a9__Multiome_Liver_TBX3KO1
TTAGACTCAGAGGGAG-1___TEW__72f3ec__1371a9__Multiome_Liver_TBX3KO1	3.290479813330673	3.1166077439882485	1952	1308	644	0.32991803278688525	1180	785	0.6001529051987767	13.525	TEW__72f3ec__1371a9__Multiome_Liver_TBX3KO1
ATGCTTAAGACACTTA-1___TEW__72f3ec__1371a9__Multiome_Liver_TBX3KO1	3.4875625602563782	3.3226327116922234	3073	2102	971	0.3159778717865278	1893	1264	0.6013320647002854	21.76	TEW__72f3ec__1371a9__Multiome_Liver_TBX3KO1
GATCACTAGAAGCTAG-1___TEW__72f3ec__1371a9__Multiome_Liver_TBX3KO1	3.432969290874406	3.271841606536499	2710	1870	840	0.30996309963099633	1448	982	0.5251336898395722	14.738971869660213	TEW__72f3ec__1371a9__Multiome_Liver_TBX3KO1
TCGCATTGTGGAGCAA-1___TEW__72f3ec__1371a9__Multiome_Liver_TBX3KO1	3.6904618932461783	3.5217916496391233	4903	3325	1578	0.32184376912094637	3184	2146	0.6454135338345864	27.27787021630617	TEW__72f3ec__1371a9__Multiome_Liver_TBX3KO1
TTATCCTAGGGCTTTG-1___TEW__72f3ec__1371a9__Multiome_Liver_TBX3KO1	3.511348515490213	3.348888723071438	3246	2233	1013	0.31207640172520024	1912	1300	0.5821764442454097	23.575	TEW__72f3ec__1371a9__Multiome_Liver_TBX3KO1
GGAGTGAGTGGACATC-1___TEW__72f3ec__1371a9__Multiome_Liver_TBX3KO1	3.926548224635619	3.752202153176521	8444	5652	2792	0.33064898152534344	4920	3254	0.575725406935598	18.915106383748224	TEW__72f3ec__1371a9__Multiome_Liver_TBX3KO1
AACCTCCTCGTTTCCA-1___TEW__72f3ec__1371a9__Multiome_Liver_TBX3KO1	3.577261953585815	3.416640507338281	3778	2610	1168	0.3091582848067761	2094	1433	0.5490421455938698	14.28985507246377	TEW__72f3ec__1371a9__Multiome_Liver_TBX3KO1
CAAACTGGTTAGGTTG-1___TEW__72f3ec__1371a9__Multiome_Liver_TBX3KO1	3.5217916496391233	3.3658622154025553	3325	2322	1003	0.30165413533834584	1844	1268	0.5460809646856158	11.5084062319986	TEW__72f3ec__1371a9__Multiome_Liver_TBX3KO1
TATAGGTGTTACTTCA-1___TEW__72f3ec__1371a9__Multiome_Liver_TBX3KO1	3.443262987458695	3.314709692955174	2775	2064	711	0.2562162162162162	1695	1256	0.6085271317829457	17.049647332739855	TEW__72f3ec__1371a9__Multiome_Liver_TBX3KO1
AAGCCTCCACCTGCTC-1___TEW__72f3ec__1371a9__Multiome_Liver_TBX3KO1	3.643847310299714	3.4915017662373264	4404	3101	1303	0.29586739327883743	2705	1876	0.6049661399548533	27.60944640653589	TEW__72f3ec__1371a9__Multiome_Liver_TBX3KO1
AGCTTCCTCCTGATTT-1___TEW__72f3ec__1371a9__Multiome_Liver_TBX3KO1	4.374033095545688	4.206150981596259	23661	16075	7586	0.3206119775157432	14927	10022	0.623452566096423	23.40361279101941	TEW__72f3ec__1371a9__Multiome_Liver_TBX3KO1
GCGAGTGAGGCAGGTG-1___TEW__72f3ec__1371a9__Multiome_Liver_TBX3KO1	3.680154141734373	3.5116160205691376	4788	3248	1540	0.3216374269005848	2913	1956	0.6022167487684729	20.447614801604985	TEW__72f3ec__1371a9__Multiome_Liver_TBX3KO1
CTGTTAAAGCGGGCAA-1___TEW__72f3ec__1371a9__Multiome_Liver_TBX3KO1	3.47158505418519	3.2995072987004876	2962	1993	969	0.3271438217420662	1715	1132	0.5679879578524837	19.71	TEW__72f3ec__1371a9__Multiome_Liver_TBX3KO1
ATAATGGCACAACCTA-1___TEW__72f3ec__1371a9__Multiome_Liver_TBX3KO1	3.2121876044039577	3.037824750588342	1630	1091	539	0.33067484662576685	1015	677	0.620531622364803	12.125	TEW__72f3ec__1371a9__Multiome_Liver_TBX3KO1
TTCCCACAGCTTAGTA-1___TEW__72f3ec__1371a9__Multiome_Liver_TBX3KO1	3.461798557525109	3.2975416678181597	2896	1984	912	0.3149171270718232	1621	1097	0.5529233870967742	19.425	TEW__72f3ec__1371a9__Multiome_Liver_TBX3KO1
CCTAATCGTGAAGCCT-1___TEW__72f3ec__1371a9__Multiome_Liver_TBX3KO1	3.3991543339582164	3.2362852774480286	2507	1723	784	0.3127243717590746	1524	1052	0.6105629715612304	19.04	TEW__72f3ec__1371a9__Multiome_Liver_TBX3KO1
GAGGGAGCACAGCCTG-1___TEW__72f3ec__1371a9__Multiome_Liver_TBX3KO1	3.688775655272845	3.5269850685599957	4884	3365	1519	0.311015561015561	2943	2004	0.5955423476968796	24.170956824292283	TEW__72f3ec__1371a9__Multiome_Liver_TBX3KO1
CCCGTAAAGCAGGTTT-1___TEW__72f3ec__1371a9__Multiome_Liver_TBX3KO1	3.4158077276355434	3.24699069924155	2605	1766	839	0.3220729366602687	1473	975	0.5520951302378256	10.968413324182404	TEW__72f3ec__1371a9__Multiome_Liver_TBX3KO1
TTTAGCTTCTCGACCT-1___TEW__72f3ec__1371a9__Multiome_Liver_TBX3KO1	3.498999363580153	3.335858911319818	3155	2167	988	0.31315372424722665	1882	1291	0.5957544993077988	17.43558282208589	TEW__72f3ec__1371a9__Multiome_Liver_TBX3KO1
ATGGTTATCACGCCAA-1___TEW__72f3ec__1371a9__Multiome_Liver_TBX3KO1	3.4801507252732806	3.3230457354817013	3021	2104	917	0.30354187355180406	1586	1097	0.5213878326996197	15.665	TEW__72f3ec__1371a9__Multiome_Liver_TBX3KO1
CTTCGCGTCATGACCG-1___TEW__72f3ec__1371a9__Multiome_Liver_TBX3KO1	3.3727279408855955	3.189209489582306	2359	1546	813	0.34463755828740994	1459	946	0.6119016817593791	19.26	TEW__72f3ec__1371a9__Multiome_Liver_TBX3KO1
GTATTGCAGGTTTGAC-1___TEW__72f3ec__1371a9__Multiome_Liver_TBX3KO1	3.7300551523755	3.555336327995267	5371	3592	1779	0.3312232358964811	3838	2530	0.7043429844097996	33.18624788645796	TEW__72f3ec__1371a9__Multiome_Liver_TBX3KO1
TTTCAGTTCACGCCAA-1___TEW__72f3ec__1371a9__Multiome_Liver_TBX3KO1	4.573927024542379	4.402862957968563	37491	25285	12206	0.32557147048625	24311	16262	0.6431481115285742	23.367186202719992	TEW__72f3ec__1371a9__Multiome_Liver_TBX3KO1
GGGCATGAGCTAAGTC-1___TEW__72f3ec__1371a9__Multiome_Liver_TBX3KO1	3.6501131644435714	3.4896772916636984	4468	3088	1380	0.3088630259623993	2704	1862	0.602979274611399	23.818199406201398	TEW__72f3ec__1371a9__Multiome_Liver_TBX3KO1
TTTCAGTTCAGTGAAG-1___TEW__72f3ec__1371a9__Multiome_Liver_TBX3KO1	3.3847117429382827	3.2195845262142546	2425	1658	767	0.31628865979381443	1373	925	0.5579010856453559	11.817246063481734	TEW__72f3ec__1371a9__Multiome_Liver_TBX3KO1
ATCCTGACAGAGGCTA-1___TEW__72f3ec__1371a9__Multiome_Liver_TBX3KO1	3.4345689040341987	3.2757719001649312	2720	1887	833	0.30625	1494	1019	0.5400105988341283	13.895	TEW__72f3ec__1371a9__Multiome_Liver_TBX3KO1
CTTCTAAGTGCTCCGT-1___TEW__72f3ec__1371a9__Multiome_Liver_TBX3KO1	3.9878002857518724	3.8182258936139557	9723	6580	3143	0.3232541396688265	5399	3592	0.5458966565349544	16.102240983653	TEW__72f3ec__1371a9__Multiome_Liver_TBX3KO1
GGCCTAATCGCTCCAT-1___TEW__72f3ec__1371a9__Multiome_Liver_TBX3KO1	3.7315081835960253	3.5581083016305497	5389	3615	1774	0.3291890888847653	3343	2214	0.612448132780083	20.622662899502476	TEW__72f3ec__1371a9__Multiome_Liver_TBX3KO1
GTGATCAGTGGTTAGC-1___TEW__72f3ec__1371a9__Multiome_Liver_TBX3KO1	3.3010299956639813	3.144262773761991	2000	1394	606	0.303	1180	832	0.5968436154949784	15.42	TEW__72f3ec__1371a9__Multiome_Liver_TBX3KO1
AGGACTAAGAGCCGCT-1___TEW__72f3ec__1371a9__Multiome_Liver_TBX3KO1	3.335858911319818	3.166133970305109	2167	1466	701	0.3234886940470697	1209	819	0.5586630286493861	12.43	TEW__72f3ec__1371a9__Multiome_Liver_TBX3KO1
CCCTGTTAGGGTCTAT-1___TEW__72f3ec__1371a9__Multiome_Liver_TBX3KO1	3.494154594018443	3.331427296520743	3120	2145	975	0.3125	2194	1509	0.7034965034965035	31.31	TEW__72f3ec__1371a9__Multiome_Liver_TBX3KO1
AAAGGTTAGCCGCAGT-1___TEW__72f3ec__1371a9__Multiome_Liver_TBX3KO1	3.3651134316275773	3.205475036740891	2318	1605	713	0.3075927523727351	1386	932	0.5806853582554518	14.515	TEW__72f3ec__1371a9__Multiome_Liver_TBX3KO1
TAGTAAGCACCAGGTT-1___TEW__72f3ec__1371a9__Multiome_Liver_TBX3KO1	3.3370597263205246	3.1693804953119495	2173	1477	696	0.320294523699954	1318	907	0.6140825998645904	15.36	TEW__72f3ec__1371a9__Multiome_Liver_TBX3KO1
TTAAGGACAGCAAATA-1___TEW__72f3ec__1371a9__Multiome_Liver_TBX3KO1	3.7294887691795613	3.564192460626198	5364	3666	1698	0.31655480984340045	3381	2292	0.6252045826513911	22.685887708649474	TEW__72f3ec__1371a9__Multiome_Liver_TBX3KO1
TTACCTGTCCCTGGTT-1___TEW__72f3ec__1371a9__Multiome_Liver_TBX3KO1	4.170789590446391	3.993744756554462	14818	9857	4961	0.33479551896342286	9184	6059	0.6146900679719995	21.514710764250438	TEW__72f3ec__1371a9__Multiome_Liver_TBX3KO1
TGGCCTGCATGTCAGC-1___TEW__72f3ec__1371a9__Multiome_Liver_TBX3KO1	3.5141491344754376	3.355643050220869	3267	2268	999	0.30578512396694213	1753	1192	0.5255731922398589	15.515	TEW__72f3ec__1371a9__Multiome_Liver_TBX3KO1
CCAAACCCACTATGGC-1___TEW__72f3ec__1371a9__Multiome_Liver_TBX3KO1	3.2657609167176105	3.090258052931316	1844	1231	613	0.3324295010845987	1102	723	0.587327376116978	11.12	TEW__72f3ec__1371a9__Multiome_Liver_TBX3KO1
CAGGGTGAGTCGCTAG-1___TEW__72f3ec__1371a9__Multiome_Liver_TBX3KO1	3.4164740791002206	3.244029589030022	2609	1754	855	0.3277117669605213	1586	1066	0.6077537058152793	15.625	TEW__72f3ec__1371a9__Multiome_Liver_TBX3KO1
GTCATGAGTAGGTTAT-1___TEW__72f3ec__1371a9__Multiome_Liver_TBX3KO1	3.446847710155809	3.2833012287035497	2798	1920	878	0.31379556826304505	1499	1019	0.5307291666666667	15.27	TEW__72f3ec__1371a9__Multiome_Liver_TBX3KO1
GCTGACCAGCGAGTAA-1___TEW__72f3ec__1371a9__Multiome_Liver_TBX3KO1	3.836387419326411	3.6658623002031554	6861	4633	2228	0.32473400378953504	4239	2838	0.6125620548240881	23.65061024601141	TEW__72f3ec__1371a9__Multiome_Liver_TBX3KO1
CTATTGAAGGCTATGT-1___TEW__72f3ec__1371a9__Multiome_Liver_TBX3KO1	3.27415784926368	3.106870544478654	1880	1279	601	0.31968085106382976	1166	778	0.6082877247849883	14.455	TEW__72f3ec__1371a9__Multiome_Liver_TBX3KO1
ACAGGTAAGAGGAGTC-1___TEW__72f3ec__1371a9__Multiome_Liver_TBX3KO1	3.535547279176668	3.373095987078727	3432	2361	1071	0.3120629370629371	1799	1218	0.5158831003811944	13.284154161529655	TEW__72f3ec__1371a9__Multiome_Liver_TBX3KO1
AGTTGTCAGCTTATGA-1___TEW__72f3ec__1371a9__Multiome_Liver_TBX3KO1	3.737113094305961	3.567731962548069	5459	3696	1763	0.3229529217805459	3321	2232	0.6038961038961039	17.974444886137775	TEW__72f3ec__1371a9__Multiome_Liver_TBX3KO1
TTGTTCCCAATGAATG-1___TEW__72f3ec__1371a9__Multiome_Liver_TBX3KO1	3.841672250073634	3.6829569263012085	6945	4819	2126	0.30611951043916485	4719	3241	0.6725461714048557	26.146948034207853	TEW__72f3ec__1371a9__Multiome_Liver_TBX3KO1
TCAACAATCGTTAACA-1___TEW__72f3ec__1371a9__Multiome_Liver_TBX3KO1	3.376576957056512	3.216429830876251	2380	1646	734	0.30840336134453783	1300	879	0.5340218712029161	13.745	TEW__72f3ec__1371a9__Multiome_Liver_TBX3KO1
TGAACAGAGTCACTAA-1___TEW__72f3ec__1371a9__Multiome_Liver_TBX3KO1	3.378579576115775	3.215637563435062	2391	1643	748	0.31283981597657884	1398	953	0.5800365185636032	13.24	TEW__72f3ec__1371a9__Multiome_Liver_TBX3KO1
GTTGTTGCAGGTTACC-1___TEW__72f3ec__1371a9__Multiome_Liver_TBX3KO1	3.824125833916549	3.663229634532868	6670	4605	2065	0.3095952023988006	4185	2851	0.6191096634093377	29.263542111598653	TEW__72f3ec__1371a9__Multiome_Liver_TBX3KO1
TCACATAAGAAGCTAG-1___TEW__72f3ec__1371a9__Multiome_Liver_TBX3KO1	3.3830969299490943	3.2227164711475833	2416	1670	746	0.3087748344370861	1402	969	0.5802395209580838	17.569007263922536	TEW__72f3ec__1371a9__Multiome_Liver_TBX3KO1
TCCAGCAAGCGCTCAA-1___TEW__72f3ec__1371a9__Multiome_Liver_TBX3KO1	3.2030328870147105	3.04688519083771	1596	1114	482	0.30200501253132833	948	658	0.5906642728904847	12.25	TEW__72f3ec__1371a9__Multiome_Liver_TBX3KO1
AACATTGTCATCAGTA-1___TEW__72f3ec__1371a9__Multiome_Liver_TBX3KO1	3.3242824552976926	3.1583624920952498	2110	1440	670	0.3175355450236967	1161	792	0.55	12.32	TEW__72f3ec__1371a9__Multiome_Liver_TBX3KO1
TATGGATGTCATCATC-1___TEW__72f3ec__1371a9__Multiome_Liver_TBX3KO1	3.678245151927042	3.5079907248196913	4767	3221	1546	0.32431298510593665	2499	1666	0.5172306737038187	21.683982683982684	TEW__72f3ec__1371a9__Multiome_Liver_TBX3KO1
GAAGTATAGGACCGCT-1___TEW__72f3ec__1371a9__Multiome_Liver_TBX3KO1	3.6473829701146196	3.4874212113594742	4440	3072	1368	0.3081081081081081	3009	2059	0.6702473958333334	24.728545377516628	TEW__72f3ec__1371a9__Multiome_Liver_TBX3KO1
ACTCGCGCATCATGGC-1___TEW__72f3ec__1371a9__Multiome_Liver_TBX3KO1	3.7349597612724454	3.5633624094866074	5432	3659	1773	0.32639911634756996	3292	2226	0.6083629406941787	26.351377682296228	TEW__72f3ec__1371a9__Multiome_Liver_TBX3KO1
CCTAAGTAGGGTCTAT-1___TEW__72f3ec__1371a9__Multiome_Liver_TBX3KO1	3.291368850451583	3.125481265700594	1956	1335	621	0.3174846625766871	1185	798	0.597752808988764	13.255	TEW__72f3ec__1371a9__Multiome_Liver_TBX3KO1
AGGTTTATCTTGCATT-1___TEW__72f3ec__1371a9__Multiome_Liver_TBX3KO1	3.781755374652469	3.61066016308988	6050	4080	1970	0.3256198347107438	3659	2450	0.6004901960784313	22.148850310962015	TEW__72f3ec__1371a9__Multiome_Liver_TBX3KO1
CCACTTGGTCAGGAAG-1___TEW__72f3ec__1371a9__Multiome_Liver_TBX3KO1	3.3057811512549824	3.144885418287142	2022	1396	626	0.3095944609297725	1186	808	0.5787965616045845	12.3	TEW__72f3ec__1371a9__Multiome_Liver_TBX3KO1
TGGTAAACAACACTTG-1___TEW__72f3ec__1371a9__Multiome_Liver_TBX3KO1	3.344785122632661	3.1869563354654122	2212	1538	674	0.3047016274864376	1187	808	0.5253576072821846	12.085	TEW__72f3ec__1371a9__Multiome_Liver_TBX3KO1
GGGTTTGTCCAAGTTA-1___TEW__72f3ec__1371a9__Multiome_Liver_TBX3KO1	4.111128036345124	3.94146173934733	12916	8739	4177	0.32339733663672965	7134	4886	0.5591028721821719	18.575205313614493	TEW__72f3ec__1371a9__Multiome_Liver_TBX3KO1
CCAAACCCAACTAGGG-1___TEW__72f3ec__1371a9__Multiome_Liver_TBX3KO1	3.497758718287268	3.328787200354535	3146	2132	1014	0.32231404958677684	1736	1156	0.5422138836772983	18.285	TEW__72f3ec__1371a9__Multiome_Liver_TBX3KO1
GGTTTAATCGGCCATA-1___TEW__72f3ec__1371a9__Multiome_Liver_TBX3KO1	3.580696939712437	3.4126285205443754	3808	2586	1222	0.32090336134453784	2254	1567	0.6059551430781129	23.534644468743736	TEW__72f3ec__1371a9__Multiome_Liver_TBX3KO1
TATCCAGCAGGACCTT-1___TEW__72f3ec__1371a9__Multiome_Liver_TBX3KO1	3.4360035356698964	3.2753113545418118	2729	1885	844	0.3092707951630634	1679	1135	0.6021220159151194	20.71	TEW__72f3ec__1371a9__Multiome_Liver_TBX3KO1
TGGTCATAGCGGATAA-1___TEW__72f3ec__1371a9__Multiome_Liver_TBX3KO1	3.325310371711061	3.154119525515847	2115	1426	689	0.3257683215130024	1313	868	0.6086956521739131	13.295	TEW__72f3ec__1371a9__Multiome_Liver_TBX3KO1
CTATGGCCATTGACAT-1___TEW__72f3ec__1371a9__Multiome_Liver_TBX3KO1	3.524396122103842	3.3562171342197353	3345	2271	1074	0.32107623318385653	2100	1435	0.6318802289740203	17.20790432947497	TEW__72f3ec__1371a9__Multiome_Liver_TBX3KO1
ATGTCAATCGATCAGT-1___TEW__72f3ec__1371a9__Multiome_Liver_TBX3KO1	3.290034611362518	3.119915410257991	1950	1318	632	0.3241025641025641	1212	813	0.6168437025796661	14.1	TEW__72f3ec__1371a9__Multiome_Liver_TBX3KO1
TACATCAAGTCTCACC-1___TEW__72f3ec__1371a9__Multiome_Liver_TBX3KO1	3.401572845676446	3.249442961442582	2521	1776	745	0.29551765172550576	1420	981	0.5523648648648649	12.525	TEW__72f3ec__1371a9__Multiome_Liver_TBX3KO1
ATGCATTCAGCATGAG-1___TEW__72f3ec__1371a9__Multiome_Liver_TBX3KO1	3.975937042483111	3.797198269838959	9461	6269	3192	0.3373850544339922	6071	3947	0.6296059977667889	19.861391259374223	TEW__72f3ec__1371a9__Multiome_Liver_TBX3KO1
TCGTAATCAGCTAACC-1___TEW__72f3ec__1371a9__Multiome_Liver_TBX3KO1	3.5345337560051155	3.366236123718293	3424	2324	1100	0.3212616822429907	2245	1515	0.6518932874354562	26.28645170671416	TEW__72f3ec__1371a9__Multiome_Liver_TBX3KO1
ATGACTCAGGGTGAAC-1___TEW__72f3ec__1371a9__Multiome_Liver_TBX3KO1	3.367169488534681	3.2060158767633444	2329	1607	722	0.31000429368827825	1370	942	0.5861854387056628	17.075	TEW__72f3ec__1371a9__Multiome_Liver_TBX3KO1
TCCATGCTCCGCCTCA-1___TEW__72f3ec__1371a9__Multiome_Liver_TBX3KO1	3.743666521446213	3.5768018958289125	5542	3774	1768	0.31901840490797545	3071	2055	0.5445151033386327	15.233706131893555	TEW__72f3ec__1371a9__Multiome_Liver_TBX3KO1
TGATGACTCAGGCTAT-1___TEW__72f3ec__1371a9__Multiome_Liver_TBX3KO1	3.6358856852812727	3.4724638966069894	4324	2968	1356	0.3135985198889917	2370	1600	0.5390835579514824	14.766151417148388	TEW__72f3ec__1371a9__Multiome_Liver_TBX3KO1
TGGGCCTAGGACAATG-1___TEW__72f3ec__1371a9__Multiome_Liver_TBX3KO1	3.3783979009481375	3.212986184736668	2390	1633	757	0.31673640167364014	1473	1010	0.6184935701163503	17.005	TEW__72f3ec__1371a9__Multiome_Liver_TBX3KO1
GGCTGTCAGAAGCTAG-1___TEW__72f3ec__1371a9__Multiome_Liver_TBX3KO1	3.24699069924155	3.082066934285113	1766	1208	558	0.3159682899207248	1110	731	0.6051324503311258	12.435	TEW__72f3ec__1371a9__Multiome_Liver_TBX3KO1
GAGCTTGTCATCCACC-1___TEW__72f3ec__1371a9__Multiome_Liver_TBX3KO1	3.44544851426605	3.273695587930092	2789	1878	911	0.3266403728935102	1755	1151	0.6128860489882854	19.443807615616528	TEW__72f3ec__1371a9__Multiome_Liver_TBX3KO1
CGGGCTTAGGGCCATC-1___TEW__72f3ec__1371a9__Multiome_Liver_TBX3KO1	3.2810333672477277	3.1271047983648077	1910	1340	570	0.29842931937172773	1030	725	0.5410447761194029	11.11	TEW__72f3ec__1371a9__Multiome_Liver_TBX3KO1
GGTGAGCCAACAGGAT-1___TEW__72f3ec__1371a9__Multiome_Liver_TBX3KO1	3.8081434257614912	3.6379897807846855	6429	4345	2084	0.32415616736662	4035	2696	0.6204833141542002	27.771995507300648	TEW__72f3ec__1371a9__Multiome_Liver_TBX3KO1
GGCCTCTGTGGTTCTT-1___TEW__72f3ec__1371a9__Multiome_Liver_TBX3KO1	3.5190400386483445	3.369772288596963	3304	2343	961	0.2908595641646489	1785	1267	0.5407597097737943	17.415	TEW__72f3ec__1371a9__Multiome_Liver_TBX3KO1
TCCATCATCACTAAGC-1___TEW__72f3ec__1371a9__Multiome_Liver_TBX3KO1	3.2543063323312857	3.0884904701823963	1796	1226	570	0.31737193763919824	1026	688	0.5611745513866232	10.95	TEW__72f3ec__1371a9__Multiome_Liver_TBX3KO1
TTGCAATCAGGTATTT-1___TEW__72f3ec__1371a9__Multiome_Liver_TBX3KO1	3.5425764762605296	3.3727279408855955	3488	2359	1129	0.32368119266055045	1943	1288	0.5459940652818991	16.605	TEW__72f3ec__1371a9__Multiome_Liver_TBX3KO1
GCTCCTTAGACAGGCG-1___TEW__72f3ec__1371a9__Multiome_Liver_TBX3KO1	3.5237464668115646	3.3624824747511743	3340	2304	1036	0.31017964071856285	1817	1237	0.5368923611111112	17.485	TEW__72f3ec__1371a9__Multiome_Liver_TBX3KO1
AGCGTGCTCAAGTGTC-1___TEW__72f3ec__1371a9__Multiome_Liver_TBX3KO1	3.357744325180376	3.204933522354145	2279	1603	676	0.2966213251426064	1452	1003	0.6257018091079226	17.195	TEW__72f3ec__1371a9__Multiome_Liver_TBX3KO1
GCTCCTTAGGTTACGT-1___TEW__72f3ec__1371a9__Multiome_Liver_TBX3KO1	3.4194600727860704	3.2593549273080344	2627	1817	810	0.3083365055196041	1616	1119	0.6158503026967529	18.605	TEW__72f3ec__1371a9__Multiome_Liver_TBX3KO1
GTCCTAGAGCAAGGAC-1___TEW__72f3ec__1371a9__Multiome_Liver_TBX3KO1	3.764250875438773	3.600537294364469	5811	3986	1825	0.3140595422474617	3585	2432	0.6101354741595585	26.349974672144985	TEW__72f3ec__1371a9__Multiome_Liver_TBX3KO1
TAGGCTTAGTAACTCA-1___TEW__72f3ec__1371a9__Multiome_Liver_TBX3KO1	3.155336037465062	2.9903388547876015	1430	978	452	0.31608391608391606	882	604	0.6175869120654397	12.165	TEW__72f3ec__1371a9__Multiome_Liver_TBX3KO1
CACTAGCCATAATTGC-1___TEW__72f3ec__1371a9__Multiome_Liver_TBX3KO1	3.1947917577219247	3.03342375548695	1566	1080	486	0.3103448275862069	953	658	0.6092592592592593	11.855	TEW__72f3ec__1371a9__Multiome_Liver_TBX3KO1
CTAGTAATCATAATCG-1___TEW__72f3ec__1371a9__Multiome_Liver_TBX3KO1	3.8446635282402393	3.6923180442592787	6993	4924	2069	0.2958672958672959	4208	2932	0.595450852965069	19.716151003146884	TEW__72f3ec__1371a9__Multiome_Liver_TBX3KO1
GAAACTGAGTCATTTC-1___TEW__72f3ec__1371a9__Multiome_Liver_TBX3KO1	3.6488477083728936	3.4782778319196046	4455	3008	1447	0.3248035914702581	2646	1760	0.5851063829787234	32.975	TEW__72f3ec__1371a9__Multiome_Liver_TBX3KO1
TAAAGCCTCATCAGTA-1___TEW__72f3ec__1371a9__Multiome_Liver_TBX3KO1	3.297760511099134	3.1225435240687545	1985	1326	659	0.3319899244332494	1194	795	0.5995475113122172	13.495	TEW__72f3ec__1371a9__Multiome_Liver_TBX3KO1
CACATTAAGGTGTCCA-1___TEW__72f3ec__1371a9__Multiome_Liver_TBX3KO1	3.359645792674543	3.2043913319193	2289	1601	688	0.3005679335954565	1263	879	0.5490318550905684	12.44	TEW__72f3ec__1371a9__Multiome_Liver_TBX3KO1
ATGCAAACAATAGCCC-1___TEW__72f3ec__1371a9__Multiome_Liver_TBX3KO1	3.3289908554494287	3.1740598077250253	2133	1493	640	0.30004688232536336	1269	879	0.5887474882786337	16.165	TEW__72f3ec__1371a9__Multiome_Liver_TBX3KO1
CATAGCTAGCGCAATT-1___TEW__72f3ec__1371a9__Multiome_Liver_TBX3KO1	3.449478399187365	3.278296208091274	2815	1898	917	0.32575488454706925	1506	1001	0.5273972602739726	15.41	TEW__72f3ec__1371a9__Multiome_Liver_TBX3KO1
GCTAGCTCAGCACGAA-1___TEW__72f3ec__1371a9__Multiome_Liver_TBX3KO1	3.307923703611882	3.130976691605617	2032	1352	680	0.3346456692913386	1237	814	0.6020710059171598	15.53	TEW__72f3ec__1371a9__Multiome_Liver_TBX3KO1
TGGGCCTAGTAAAGGT-1___TEW__72f3ec__1371a9__Multiome_Liver_TBX3KO1	3.5809249756756194	3.4352071032407476	3810	2724	1086	0.28503937007874014	2294	1626	0.5969162995594713	17.41432146999572	TEW__72f3ec__1371a9__Multiome_Liver_TBX3KO1
CACATTAAGACAAACG-1___TEW__72f3ec__1371a9__Multiome_Liver_TBX3KO1	3.6403820447095683	3.480438147177817	4369	3023	1346	0.30807965209430077	2395	1627	0.5382070790605359	16.55250662198708	TEW__72f3ec__1371a9__Multiome_Liver_TBX3KO1
CGATGTCCATATTGAC-1___TEW__72f3ec__1371a9__Multiome_Liver_TBX3KO1	3.339650157613684	3.17868923977559	2186	1509	677	0.30969807868252514	1334	917	0.607687210072896	16.78	TEW__72f3ec__1371a9__Multiome_Liver_TBX3KO1
AGGTCAAAGAAGGTGC-1___TEW__72f3ec__1371a9__Multiome_Liver_TBX3KO1	3.565729787831127	3.3879234669734366	3679	2443	1236	0.3359608589290568	2158	1423	0.582480556692591	17.957920595926772	TEW__72f3ec__1371a9__Multiome_Liver_TBX3KO1
CGCACCACACAACAGG-1___TEW__72f3ec__1371a9__Multiome_Liver_TBX3KO1	3.0755469613925306	2.90848501887865	1190	810	380	0.31932773109243695	746	503	0.6209876543209877	11.03	TEW__72f3ec__1371a9__Multiome_Liver_TBX3KO1
AAAGGTTAGAGAGGCT-1___TEW__72f3ec__1371a9__Multiome_Liver_TBX3KO1	3.2087100199064014	3.0433622780211294	1617	1105	512	0.3166357452071738	1023	690	0.6244343891402715	13.375	TEW__72f3ec__1371a9__Multiome_Liver_TBX3KO1
CGCCACACAGGCGAGT-1___TEW__72f3ec__1371a9__Multiome_Liver_TBX3KO1	3.2467447097238415	3.0856472882968564	1765	1218	547	0.30991501416430595	1098	748	0.6141215106732348	11.905	TEW__72f3ec__1371a9__Multiome_Liver_TBX3KO1
TGCATCCTCATTATGG-1___TEW__72f3ec__1371a9__Multiome_Liver_TBX3KO1	3.394976719554564	3.2132520521963968	2483	1634	849	0.3419250906161901	1486	985	0.6028151774785802	14.325	TEW__72f3ec__1371a9__Multiome_Liver_TBX3KO1
GAGGCCTTCTGTAATG-1___TEW__72f3ec__1371a9__Multiome_Liver_TBX3KO1	3.5347873586294916	3.371806458507416	3426	2354	1072	0.3129013426736719	2519	1714	0.7281223449447749	24.368277049650814	TEW__72f3ec__1371a9__Multiome_Liver_TBX3KO1
TTGTTGTTCGAGCAAA-1___TEW__72f3ec__1371a9__Multiome_Liver_TBX3KO1	3.484442207642407	3.3224260524059526	3051	2101	950	0.3113733202228777	1709	1154	0.5492622560685388	15.13	TEW__72f3ec__1371a9__Multiome_Liver_TBX3KO1
ATTTGCAAGTCATTTC-1___TEW__72f3ec__1371a9__Multiome_Liver_TBX3KO1	3.512817758564873	3.3654879848909	3257	2320	937	0.2876880564937059	1687	1199	0.5168103448275863	17.015	TEW__72f3ec__1371a9__Multiome_Liver_TBX3KO1
TAAGCTGGTGAATCGC-1___TEW__72f3ec__1371a9__Multiome_Liver_TBX3KO1	3.341038631677523	3.150756439860309	2193	1415	778	0.354765161878705	1338	873	0.6169611307420495	13.465	TEW__72f3ec__1371a9__Multiome_Liver_TBX3KO1
GGCTATGTCGTAATCA-1___TEW__72f3ec__1371a9__Multiome_Liver_TBX3KO1	3.277150613963797	3.1024337056813365	1893	1266	627	0.3312202852614897	1054	706	0.5576619273301737	11.055	TEW__72f3ec__1371a9__Multiome_Liver_TBX3KO1
GGTTACCCAATAGTCT-1___TEW__72f3ec__1371a9__Multiome_Liver_TBX3KO1	3.285107029566812	3.1152775913959014	1928	1304	624	0.3236514522821577	1186	793	0.6081288343558282	11.08	TEW__72f3ec__1371a9__Multiome_Liver_TBX3KO1
GGATAACCACTAAGAA-1___TEW__72f3ec__1371a9__Multiome_Liver_TBX3KO1	3.40840957846843	3.243781916093795	2561	1753	808	0.3155017571261226	1390	939	0.5356531660011409	13.45	TEW__72f3ec__1371a9__Multiome_Liver_TBX3KO1
TTCGCAACATCAGCAC-1___TEW__72f3ec__1371a9__Multiome_Liver_TBX3KO1	3.271841606536499	3.103461622094705	1870	1269	601	0.3213903743315508	1152	754	0.5941686367218282	10.915	TEW__72f3ec__1371a9__Multiome_Liver_TBX3KO1
CTGCAATAGAAGGTGC-1___TEW__72f3ec__1371a9__Multiome_Liver_TBX3KO1	3.4094258686714434	3.225567713439471	2567	1681	886	0.3451499805220101	1507	991	0.5895300416418798	11.905	TEW__72f3ec__1371a9__Multiome_Liver_TBX3KO1
GTGTAACTCACACAGT-1___TEW__72f3ec__1371a9__Multiome_Liver_TBX3KO1	3.30941722577814	3.130976691605617	2039	1352	687	0.3369298675821481	1190	790	0.584319526627219	16.325	TEW__72f3ec__1371a9__Multiome_Liver_TBX3KO1
GGATGGCCACCAGGTT-1___TEW__72f3ec__1371a9__Multiome_Liver_TBX3KO1	3.3575537197430814	3.190051417759206	2278	1549	729	0.32001755926251096	1399	939	0.60619754680439	16.415	TEW__72f3ec__1371a9__Multiome_Liver_TBX3KO1
CGCAATAGTGTAATAC-1___TEW__72f3ec__1371a9__Multiome_Liver_TBX3KO1	3.311753861055754	3.1439511164239633	2050	1393	657	0.3204878048780488	1254	851	0.6109117013639627	14.935	TEW__72f3ec__1371a9__Multiome_Liver_TBX3KO1
CCGCTAAAGCATGGTT-1___TEW__72f3ec__1371a9__Multiome_Liver_TBX3KO1	3.235528446907549	3.0806264869218056	1720	1204	516	0.3	993	683	0.5672757475083057	11.425	TEW__72f3ec__1371a9__Multiome_Liver_TBX3KO1
GCGCAATGTACAATGT-1___TEW__72f3ec__1371a9__Multiome_Liver_TBX3KO1	3.6617180576946593	3.4974825373673704	4589	3144	1445	0.3148834168664197	3118	2104	0.6692111959287532	33.14990634401078	TEW__72f3ec__1371a9__Multiome_Liver_TBX3KO1
CTAGTCGAGCACTAAC-1___TEW__72f3ec__1371a9__Multiome_Liver_TBX3KO1	3.611298362296429	3.4483971034577676	4086	2808	1278	0.31277533039647576	2459	1685	0.6000712250712251	16.532818029317795	TEW__72f3ec__1371a9__Multiome_Liver_TBX3KO1
TAGCATATCATAATCG-1___TEW__72f3ec__1371a9__Multiome_Liver_TBX3KO1	3.595496221825574	3.433769833924866	3940	2715	1225	0.31091370558375636	2502	1713	0.630939226519337	21.20524835988754	TEW__72f3ec__1371a9__Multiome_Liver_TBX3KO1
AACCGCTCAATTTGGT-1___TEW__72f3ec__1371a9__Multiome_Liver_TBX3KO1	3.296665190261531	3.1280760126687155	1980	1343	637	0.32171717171717173	1136	764	0.5688756515264334	11.015	TEW__72f3ec__1371a9__Multiome_Liver_TBX3KO1
CATAGGTTCAGCTAAC-1___TEW__72f3ec__1371a9__Multiome_Liver_TBX3KO1	3.3066394410242617	3.144262773761991	2026	1394	632	0.3119447186574531	1146	767	0.5502152080344332	11.26	TEW__72f3ec__1371a9__Multiome_Liver_TBX3KO1
AACAAGCCATTTAAGC-1___TEW__72f3ec__1371a9__Multiome_Liver_TBX3KO1	3.2931414834509307	3.1261314072619846	1964	1337	627	0.31924643584521384	1240	820	0.6133133881824981	11.66	TEW__72f3ec__1371a9__Multiome_Liver_TBX3KO1
